cycle,capacity,temperature,capacity_fade_percent,capacity_diff,rolling_capacity_mean,degradation_rate
1,2.5,25.0,0.0,,,
2,2.47,25.0,2.9999999999999805,-0.029999999999999805,2.4850000000000003,2.9999999999999805
4,2.4,26.0,10.000000000000009,-0.07000000000000028,2.435,7.000000000000028
5,2.35,25.75,14.999999999999991,-0.04999999999999982,2.375,4.999999999999982
6,2.3,27.0,20.000000000000018,-0.050000000000000266,2.325,5.000000000000027
