cycle,capacity,capacity_fade_percent
1,2.5,0.0
2,2.47,1.1999999999999922
3,2.44,2.400000000000002
4,2.4,4.0000000000000036
5,2.35,5.9999999999999964
