cycle,actual_fade,predicted_fade
2,2.9999999999999805,3.4615384615384617
6,20.000000000000018,18.076923076923073
