mean_capacity,early_slope,early_capacity_drop,target_capacity
0.14838296388888886,0.17334619444444443,-0.10631019444444449,0.09209525
