mean_min_voltage,mean_voltage_slop,mean_temperature,target_capacity_cycle100
2.7145056319408254,-0.019597191481552118,26.010102611116245,2.0
