fold,r2_score
1,-0.7721741126271588
2,-0.0320240507569034
3,-2.500229840650247
4,0.2028292567363591
5,-0.1998751470481699
